location,logical_location,country,spot,latitude,longitude,activity,description,price_class,prominence_score,tags,image_url
Beijing,,China,Forbidden City,39.9151,116.3883,Explore the imperial palace complex and its museums.,"Vast imperial palace complex, China's former political center.",$$,10,"history,culture,architecture",https://pixabay.com/get/ge12ef3804eb6f990fbf5d46b4059ed0e48936ce74f22cd2599994776c09afa9c4c1d23177eba3e3f848cc3f6c8a2fa76_640.jpg
Kyoto,,Japan,Kinkaku-ji (Golden Pavilion),35.0335,135.7292,Admire the gold-leaf-covered Zen Buddhist temple and its gardens.,Stunning Zen Buddhist temple covered in gold leaf.,$,8,"temple,gardens,zen",https://pixabay.com/get/g5b4f2c2daed7279d08a710c87006051567db651374a8c0050c4134d835f428979de4b76171237e4a6cb3cddd187ba29023c2569f7bf9e3106260707a684f7676_640.jpg
Seoul,,South Korea,Gyeongbokgung Palace,37.5795,126.9771,Wander through the grand royal palace and witness the changing of the guard.,"Largest of Seoul's Five Grand Palaces, a historical gem.",$,8,"palace,history,culture",https://pixabay.com/get/gd82d76b643b636041e4e6bb09ac7d81dfe81a7aea0a5adba73a0115697759dca3840f99a6f193a3c86ed38a9c75296b4147fc2ec3725a72fef67800a54d0cf3d_640.jpg
Siem Reap,,Cambodia,Angkor Wat,13.4125,103.8667,"Explore the magnificent temple complex, a UNESCO World Heritage site.","Iconic 12th-century Hindu temple complex, largest religious monument.",$$,10,"temple,ancient,unesco",https://pixabay.com/get/g90506cd942da7b8fe3cc4b2a61f029abdd402ef31d8efb5e8fa95f932e11f2bd4c60cfa275232971c5ac925bbc5038f7_640.jpg
Hoi An,,Vietnam,Hoi An Ancient Town,15.8798,108.3355,Stroll through well-preserved ancient town with Japanese Bridge.,Charming ancient town with well-preserved architecture.,$,7,"historic,town,culture",https://pixabay.com/get/g99da664ac259e08887e57128a42cfd65edc475d0cf2a9b1bf95a965b2d15cce2f8daa9f79fe78b8011d4033d1eb02778ebdcf36b23cc35196ba6d9320d7a21a4_640.jpg
Phnom Penh,,Cambodia,Royal Palace of Cambodia,11.5524,104.9229,"Visit the royal residence, a stunning example of Khmer architecture.",Ornate royal residence showcasing Khmer architectural splendor.,$,6,"palace,architecture,royal",https://pixabay.com/get/g4fead3e419aff09584bcf1d870a68073a283527d10a0eb45d76c8180d825add065f9bd1727bba40f91736c11bdbe6fd5a45c889986ee29e6e341a3ffa53f1c6b_640.jpg
Taipei,,Taiwan,Taipei 101,25.0339,121.5647,Ascend to the observation deck for breathtaking city views.,Iconic skyscraper offering panoramic views of Taipei.,$$,8,"skyscraper,views,modern",https://pixabay.com/get/gb934fd94a391dc4cf1a6339b7db8e4005114b2e4bb98869c1174c428715c8c5d3c74849df15adb0654467c78044f140a8bf340d1791ec915628f48d909eafeaf_640.jpg
Bagan,,Myanmar,Bagan Archaeological Zone,21.1747,94.871,Witness thousands of ancient temples and pagodas at sunrise/sunset.,Ancient city with thousands of Buddhist temples and pagodas.,$,8,"ancient,temples,archaeology",https://pixabay.com/get/g13502fc90b9deaa9430c689e5837daf4f9c751e4c2ad544358ac71284e800f7774fd2114c2fd6733bd9ba1f268f7d3bc37ad487b4cf2c557874fa41a1efffb4c_640.jpg
Incheon,,South Korea,Incheon Landing Operation Memorial Hall,37.447,126.4309,Learn about the pivotal Korean War battle and its significance.,Memorial commemorating the decisive Incheon Landing.,$,4,"history,war,memorial",https://pixabay.com/get/g704512a5db0e320a04c0613fe09f8dfbade0ea016fec417b43c734a3762395787834ddcfb3cfa7db71ca9110fb36b48eb56e525501e904d8bbd612539936b731_640.jpg
Hiroshima,,Japan,Hiroshima Peace Memorial Park,34.3952,132.4501,Reflect on peace at the iconic Atomic Bomb Dome and museum.,Moving memorial park dedicated to the victims of the atomic bomb.,$,9,"peace,history,memorial",https://pixabay.com/get/g8d934f7bef8d98fb37ff8799c3e310c20351570d380da1d1c57c0eca4ef7a24365e266239a7640d7d6185f3d1cf7892e3f68bb86bab0331a0f2e6891d864cc9d_640.jpg
Amritsar,,India,Golden Temple (Harmandir Sahib),31.620132,74.876091,"Explore the stunning architecture, experience the spiritual ambiance, and partake in the community kitchen (langar).","The holiest shrine in Sikhism, renowned for its golden dome and serene sarovar (holy pool).",$,9,"spiritual, architecture, culture, community",https://pixabay.com/get/g908961b515a941e39b9bc1bb713a7e14df19dfbcbbb7aabe5de5816df7125268fdafbdebd43783ca3182a048bf540218608e2906957ae89e7e339bc485bdd37b_640.jpg
Bagan,,Myanmar,Ananda Temple,21.170582,94.866615,"Marvel at the ancient architectural style and intricate stucco work, and explore the surrounding plains dotted with thousands of temples.","A 12th-century masterpiece, often called the 'Westminster Abbey of Burma' for its architectural grandeur.",$$,8,"history, architecture, UNESCO, temples",https://pixabay.com/get/g8c855fa698fd60899202d46578a0ade0af14ceef64e3e946d7021a2a11dcd5ed1bbfddf1a1564b79b802bb446fcd33d093e097147a6a03a4926d066f1d6bd42d_640.jpg
Kathmandu,,Nepal,Kathmandu Durbar Square,27.70415,85.30647,"Wander through the ancient royal palace complex, admire the intricate Newari architecture, and visit various temples and courtyards.","A historic UNESCO World Heritage site, showcasing intricate Newari architecture and royal palaces.",$$,8,"history, architecture, UNESCO, culture",https://pixabay.com/get/g782b3265390213322cc675c4b62c2cbec710db90f41f02a1636cbaec688ac8297819c08d3b02e733df33eea83c666b6141d7517fd6a54e3ac12d25a6eef1d585_640.jpg
Jaipur,,India,Hawa Mahal,26.921,75.8227,Admire the unique facade with its 953 windows (jharokhas) and imagine royal women observing street life unseen.,"The 'Palace of Winds', an iconic pink sandstone structure with a distinctive honeycomb facade.",$$,7,"architecture, history, unique, city",https://pixabay.com/get/g4a9326689dd401c758b1ed407426cd8b6d488db5b7ea5522bc468429aabb1fd05fd593de2dd6912d24695972a52b7d307bb28abf1c70f5d0f848f6cf1e26a422_640.jpg
Varanasi,,India,Ghats of Varanasi,25.3167,83.0104,"Witness ancient rituals, take a boat ride on the Ganges River, and soak in the spiritual atmosphere.","The spiritual heart of India, where pilgrims perform sacred rituals along the banks of the Ganges.",$,9,"spiritual, culture, river, ancient",https://pixabay.com/get/g48a54cb9dcc8ce8d7c14306d26620ccff8b4c1581510e7a472f9a1315d507990517d062c5b9afd7c5b939ca2833aec256484240c333f24f9865a9836328397ef_640.jpg
Sigiriya,,Sri Lanka,Sigiriya Rock Fortress,7.956944,80.75972,"Climb the ancient rock fortress, explore its water gardens, and admire the frescoes and the stunning panoramic views.","A UNESCO World Heritage site, this ancient rock fortress offers breathtaking views and ancient artistry.",$$$,8,"history, UNESCO, adventure, views",https://pixabay.com/get/gfe3d2be7ef5f281a8fbf3f95e1fb3a0cf1003eb91f8b30bfa33e045e428e503e362d2a3eac31b753983a4015091e12fa_640.jpg
Thimphu,,Bhutan,National Museum of Bhutan,27.4287,89.4256,"Explore Bhutanese art, artifacts, and traditional crafts to understand the kingdom's rich cultural heritage.","Showcases Bhutan's rich history, art, and cultural heritage in a beautifully renovated ancient watchtower.",$$,6,"culture, museum, history, art",https://pixabay.com/get/gf6b45fbcca259513fc103eb2526ed264e61a4d3f38d758d67b77e55f5d8f0755fbae406d6ca5f276d511994e6a1b27a299be2c43604fa04e2f3195e9944683d1_640.jpg
Old Delhi,,India,Chandni Chowk Market,28.656,77.231,"Immerse yourself in the bustling atmosphere, sample street food, shop for textiles, spices, and jewelry.","One of Asia's oldest and busiest markets, offering a sensory overload of sights, sounds, and smells.",$,7,"market, food, shopping, culture",https://pixabay.com/get/g2ecd6fc55faabe997ba58160b6886f5e695b3e4f7a850295246b42388f135170bac9d1efed9a68559864b2edb1af728e8abd1508501d3f7026c07c0850701728_640.jpg
Hampi,,India,Virupaksha Temple,15.3352,76.4603,"Explore the ancient temple complex, witness its living traditions, and wander through the surrounding ruins of Vijayanagara.","A magnificent 7th-century temple complex, set amidst the stunning ruins of the Vijayanagara Empire.",$$,7,"history, UNESCO, temples, ruins",https://pixabay.com/get/ge13f6327c264fa8b79f94351b9ec533ab424a499fafade152eff578a461e8864ab923ce363463ef1030539751fb2f3c8_640.jpg
Thanjavur,,India,Brihadeeswarar Temple,10.7828,79.1318,"Admire the colossal Dravidian architecture, the towering vimana, and the intricate sculptures within this UNESCO World Heritage site.","A monumental example of Dravidian architecture and a UNESCO World Heritage site, dedicated to Lord Shiva.",$$,7,"architecture, UNESCO, temples, history",https://pixabay.com/get/g72907345f462f317dadc825dacaee46092f226d63697b052208412d27472c56ebba11c96edef9825102a43f29969974386e4da620aaa24ade9fefc77b7348378_640.jpg
Wadi Rum,,Jordan,The Seven Pillars of Wisdom,29.5707,35.4318,"Hike and climb the sandstone mountains, explore ancient inscriptions.",Vast desert landscape with stunning rock formations.,$$,7,"hiking,climbing,desert,jeep-tours",https://pixabay.com/get/gb23db8b43aade17dd146521da7d663ca286d07d6e7a37d785e9ece8c67e2313434fd0a1069b5ec99a04de707e196b8435af49577eec9eeb2a7347558b9ebf6f9_640.jpg
Jebel Shams,,Oman,Grand Canyon of Arabia,23.1763,57.1862,"Trek along the rim or descend into the canyon, rock climbing.","Oman's highest peak, offering dramatic canyon views.",$$,6,"hiking,climbing,mountains,canyoning",https://pixabay.com/get/g918f2509a25f2e14790685e1ec2dfab8ebbfbd5ae5336129d94834c6c49852ac305f6b9e4cc71a8a6fe5550b648a5ac5853cb41924e3bf1e61f2fed4e8fa95fe_640.jpg
Mount Sinai,,Egypt,St. Catherine's Monastery Trail,28.5567,33.9885,"Hike to the summit for sunrise, visit the ancient monastery.",Sacred mountain with historical and spiritual significance.,$$,8,"hiking,religious,mountains,historical",https://pixabay.com/get/gfe6e4ee3f42d2f16da59710741004bb3d0e15ba69159ecdc5f73fa78a3df8b0a10fe41646e5e6279e679ed3356d7321a_640.jpg
Kassab,,Syria,Gabal Zaytun (Mount Olive),35.7562,35.8991,Hiking through olive groves and scenic mountainous terrain.,Picturesque mountain village with hiking trails.,$,3,"hiking,nature,villages,off-the-beaten-path",https://pixabay.com/get/g4ae76101b64d120da5545e833d1e4934838c19455f3c3d79e219df43b64e7d9ab7b042a6cc5ca7afe4fc36d9fdd4491b4c1ccb39083da092f0ebc0df1f06bc9b_640.jpg
Dhahran,,Saudi Arabia,King Abdullah Economic City - Coastal area,22.0333,39.1167,Coastal exploration and potential for water sports or light hiking.,Modern city with coastal access and developing recreational areas.,$$$,5,"coastal,water-sports,urban-exploration",https://pixabay.com/get/g4299d0cc00e12e7a2b20330fb4dd2cf573d9a348586346d1d1fcbed2587f288a94d724b2a3b45574c5eea1ec17d5c54a9a1cab30867c5e4c282d5bc77df1fdb6_640.jpg
Beirut,,Lebanon,Qannoubine Valley,34.175,35.85,Trekking through ancient monasteries and natural landscapes.,A UNESCO World Heritage site with stunning natural beauty.,$$,6,"hiking,religious,historical,nature",https://pixabay.com/get/gbe8ef121df1ca9aaab4a5ee9264d9a61a189c2776628507fc6121a763c594856e5ba94d98ff4b759ad886de0c3512adb926be739405751c18a0a253008fb715a_640.jpg
Sir Bani Yas Island,,United Arab Emirates,Arabian Wildlife Park,24.2955,52.5734,"Safari-style exploration, kayaking, and nature walks.",Island nature reserve with diverse wildlife and activities.,$$$$,7,"wildlife,nature,kayaking,cycling",https://pixabay.com/get/g5763485de1df7ff658158b909c55f1ad77b43da5b96ad6022b52fe971c1fee6d50ec8cc62a2db4ea66a47a828d8f80f077cc0704d27f10d90af1b44036e57005_640.jpg
Al Hoota Cave,,Oman,Al Hoota Cave System,23.15,57.3667,Cave exploration and guided tours through subterranean wonders.,Impressive natural cave system with unique geological formations.,$$,5,"caving,adventure,geology,nature",https://pixabay.com/get/gfcaad04a24caf942ef8137e5606b560b0f989132bc18118263e2d30c6e769b96720f872e74fcc35ff1213e032ef6433d02c265289ffce047543856c47758f1d9_640.jpg
Mount Hermon,,Israel,Mount Hermon Ski Resort Trails,33.275,35.8583,"Hiking and mountain biking during warmer months, skiing in winter.","The highest point in Israel, offering varied terrain.",$$$,6,"hiking,skiing,mountain-biking,scenic",https://pixabay.com/get/g1a705984b5e4dfe4252c3d9dd19fe36cc30535e916dd51da9d377dbc21ed0c76331a3a1ec3ca1821cce9c6fa90d1bbc43b18910a8b2fe6b58ee27be3e731bc8d_640.jpg
Hatta,,United Arab Emirates,Hatta Dam and Mountains,24.7942,56.128,"Kayaking, mountain biking, hiking, and zip-lining in the Hajar Mountains.","Mountain enclave known for its dam, heritage village, and adventure sports.",$$$,7,"kayaking,hiking,mountain-biking,zip-lining,water-sports",https://pixabay.com/get/g9bf82b680ec93be82c6769609bd4e33b545cbdfa172108ab28672d8f6ee24eea139a19c5e0c105c0afa94760253e8d6aad63c6f7e0104506a0fe9c63cdba52f6_640.jpg
Paris,,France,Rue Montorgueil,48.8685,2.3443,"Explore the vibrant market street, sample pastries, cheeses, and local delicacies.",A bustling pedestrian street known for its food shops and cafes.,$$-$$$,7,"food market,street food,pastries,cheese",https://pixabay.com/get/g7babb6dc6f293d2487b47f56caaebbf980ea7a7bb2f570c91bce9ae050cb4d0d09c5f25213f7735b2db69b351d74af32_640.jpg
Tuscany,,Italy,Tuscookany Cooking School,43.779,11.2558,Participate in hands-on Italian cooking classes in a beautiful villa setting.,Immerse yourself in Tuscan cuisine with expert-led cooking classes.,$$$$,6,"cooking class,Tuscan cuisine,villa,wine",https://pixabay.com/get/g61c7fb4f3ce431d85f46206e59f2ede3247ccd6271e0c0e61069ceee100e4b1e86fe0941fc7ccc35558f0e3f9a8fb7573355627040af4cedac04b162ac07834a_640.jpg
Rome,,Italy,Trastevere Neighborhood,41.8904,12.4779,Join a street food tour to sample Roman classics like supplì and pizza al taglio.,Wander through charming streets and savor authentic Roman street food.,$$-$$$,8,"street food tour,Roman cuisine,local experience",https://pixabay.com/get/g6ca9d9fb1500879790ff4174f78909d8287b735394ea17701586060a2b38240e2d3e998cda9e6e72239ae2a9c4a0787956abb667ad42d88fc3fa60cc33f04953_640.jpg
Bordeaux,,France,Bordeaux Wine Region,44.8378,-0.5792,"Visit vineyards, taste world-renowned wines, and explore châteaux.",Discover the prestigious wine region and its iconic châteaux.,$$$$,9,"wine tasting,vineyards,châteaux,Bordeaux wines",https://pixabay.com/get/g2add6efdd1a4b3f3c2d513f5f2e72574bf09526f2f78d7c6933c9b496f45984b7385603a1ff2aa735ce9bc83f28f7339f59a6651469b3f9fe6378ff2dddf341f_640.jpg
Lisbon,,Portugal,Cervejaria Ramiro,38.7233,-9.1386,"Indulge in fresh, high-quality seafood at this legendary Lisbon institution.",A world-famous spot for the freshest and finest seafood in Lisbon.,$$-$$$,8,"seafood,traditional,local favorite",https://pixabay.com/get/gae92c98d46d72c14d6a68ddec66ee4ff1e97669f99545b35957ada0df705fa76ca640f3751f8ca038b56052cc649f6696cc6425fee562ff96babafe277721190_640.jpg
Amsterdam,,Netherlands,Albert Cuyp Market,52.3585,4.8956,"Explore a bustling market offering stroopwafels, poffertjes, cheeses, and international street food.",Amsterdam's largest and most famous market with diverse culinary offerings.,$$,7,"food market,street food,Dutch snacks,multicultural",https://pixabay.com/get/ge72ac367ccde340a80cd39bc843b51e35bfdca7809a54f010ba2c35d727633db4455098e15cdc4c6dca9f02f96ad1e24aafe6e75853fd6babeb886d47e26f522_640.jpg
Brussels,,Belgium,Galeries Royales Saint-Hubert,50.8462,4.357,Sample exquisite chocolates from renowned chocolatiers like Pierre Marcolini and Neuhaus.,Elegant 19th-century arcades housing top Belgian chocolatiers.,$$$,8,"chocolate,luxury,artisan",https://pixabay.com/get/g777bc34732bf294aa63cb5f74c667a61eb36330c3c91d33209303e31aad685ff4dc8e683af7200bfa216ab81aef310d6bbde36f8f1bcca5b7a8868e9eb6353c1_640.jpg
Lyon,,France,Les Halles de Lyon Paul Bocuse,45.7565,4.8415,"Explore an indoor market showcasing gourmet produce, local delicacies, and artisanal products.","A temple to gastronomy, named after the legendary chef Paul Bocuse.",$$-$$$,8,"indoor market,gourmet,local specialties,gastronomy",https://pixabay.com/get/gf4ef85b44a53ff00bfce3524cf93d6c51e2ce5c9c24c8aced9d809afe775cf5074113da42fd95acb9f8a3335e01a5d5a74fca4562e6f5506a6bbeafdf41d2965_640.jpg
Vienna,,Austria,Figlmüller,48.2081,16.3738,"Savor the iconic Wiener Schnitzel, famously larger than the plate.",An iconic restaurant renowned for its massive and delicious Wiener Schnitzel.,$$-$$$,8,"schnitzel,Austrian cuisine,iconic",https://pixabay.com/get/g7f9965335b0fdd8657da55b3e13c0c9eaa921fc06ccfeef48706aea757f63b84938a46d9862a41e946259fac3771430b7db67dbcd6784b04148d1c58601645d6_640.jpg
Valencia,,Spain,Albufera Natural Park,39.3446,0.4064,"Experience authentic paella in its birthplace, with restaurants in El Palmar village.","The birthplace of paella, offering traditional rice dishes in a unique natural setting.",$$-$$$,7,"paella,authentic,rice dishes,local",https://pixabay.com/get/gd5c374f53bff36609fd6701518d536632c6cdd9461b1cca7932312caf0e02f3ad9d99b0483bedc7aed3d86d70874594f7d2e137be919731e89b4bd68459a6966_640.jpg
Białowieża Forest,,Poland,Białowieża National Park,52.7253,23.8857,"Observe European bison, red deer, elk, wild boar, wolves, and numerous bird species in Europe's last primeval lowland forest.","Europe's last primeval lowland forest, a UNESCO Biosphere Reserve.",$$,8,"wildlife,forest,nature,UNESCO",https://pixabay.com/get/gce2980bfc1d83535015055fb800830e4b66a8a7352b290ede469289a9ce3dd7c908c18c3eeaf85cd8e3b122ab5f3e082035b076b40cc625b3f95cb45639d8858_640.jpg
Danube Delta,,Romania,Danube Delta Biosphere Reserve,45.2167,29.2667,"Birdwatching (pelicans, cormorants, egrets), spotting otters, foxes, wild horses, and exploring unique wetland ecosystems.","Vast wetland teeming with birds, mammals, and diverse aquatic life.",$$,8,"birdwatching,wetland,biodiversity,nature",https://pixabay.com/get/gd1910b323ea3d70475595aa52762f1501ab861df260d8ebc368a531ac507b91025fda26665fef2063eeca1f8c4b6822c819e3880cd0ef39d104bb01d974c844e_640.jpg
Plitvice Lakes National Park,,Croatia,Plitvice Lakes National Park,44.8877,15.6207,"Hike around sixteen terraced lakes connected by waterfalls, observing diverse fish, birds, and mammals like bears and wolves.",UNESCO World Heritage site with stunning turquoise lakes and waterfalls.,$$$,9,"waterfall,hiking,nature,UNESCO",https://pixabay.com/get/g636e1caaabd055471c02f92cada662a8abc67d514f63a8739ce5086e133f5ce3c27ba92d07cb5278753f0b2406ab24af88db1c31053dfe95fc0fc37c9840dec3_640.jpg
Durmitor National Park,,Montenegro,Durmitor National Park,43.0946,19.0161,"Explore glacial lakes, deep canyons, and mountain peaks while looking for brown bears, wolves, chamois, and golden eagles.",Dramatic mountain landscape with glacial lakes and Europe's deepest canyon.,$$,7,"mountains,canyoning,hiking,wildlife",https://pixabay.com/get/ge541b772a9806464066d98038c2ffb902081a74ef866562c20da7727e1fff1f63e1a0c1be553273888bea7ae886521a0a3c342cf420704611c483de0901391cc_640.jpg
Saxon Switzerland National Park,,Germany,Saxon Switzerland National Park,50.9413,14.1316,"Hike through unique sandstone formations, observe peregrine falcons, black storks, and explore gorges and forests.",Unique sandstone rock formations and deep gorges in eastern Germany.,$$,6,"hiking,rock formations,nature,wildlife",https://pixabay.com/get/ge40c68ecece77b1ad408f01d0670b3d85344d430a92074de5f7dd7a8c35998993963088594d85665ef0083d9d03bdaa8_640.jpg
Retezat National Park,,Romania,Retezat National Park,45.35,22.8333,"Trek around glacial lakes and peaks, searching for brown bears, wolves, lynx, chamois, and numerous bird species.",Romania's oldest national park with glacial lakes and pristine old-growth forests.,$$,6,"mountains,hiking,biodiversity,old-growth forest",https://pixabay.com/get/gd8e821c9a9e53d54550617023c4d1a450b08d35b37af05d992c907f8ea17e77efd64fcca83e45c0fdb192244e3679f111fce3c26907365731b15777be494863e_640.jpg
Sarek National Park,,Sweden,Sarek National Park,67.2833,17.7,"Experience true wilderness, spot reindeer, bears, lynx, wolverines, and golden eagles in a remote Arctic landscape.",One of Europe's last great Arctic wilderness areas with glaciers and mountains.,$$$$,7,"arctic,wilderness,hiking,remote",https://pixabay.com/get/g83a32f206c0c7989de8f5d69e8ce6e3d58a2c94be5bf40b01e57e2b714eb086c46b915866768c4d1a3305a002dc2d434a15f9e492575f58cb0e6463b51b175a7_640.jpg
Peneda-Gerês National Park,,Portugal,Peneda-Gerês National Park,41.7,-8.1833,"Observe Iberian wolves, Garrano ponies, deer, wild boars, and diverse birdlife in mountainous terrain with waterfalls and granite peaks.","Portugal's only national park, known for its wild horses and unique ecosystems.",$$,6,"mountains,hiking,wildlife,wild horses",https://pixabay.com/get/g2fbaf4713fe028e41097609d7f78596df900feec8386ae18dd67277a4adc153ff245b103c1dd7a2d519b0b8946e6760ae054c6e0a601a935cc8a5bcbee01256c_640.jpg
Slovak Paradise National Park,,Slovakia,Slovak Paradise National Park,48.9167,20.35,"Explore gorges, canyons, and waterfalls, looking for bears, wolves, lynx, and diverse bird and invertebrate species.","A unique landscape of canyons, gorges, and waterfalls with rich biodiversity.",$$,6,"canyoning,hiking,caves,nature",https://pixabay.com/get/gce0b2378f20390d88d109ca6c416776bf582aaee060108bdb77af0dd4c9158c4b5d0dec113e97c4e31d15a58794ade6815d05cb0e7b09b4c16e439373c323d0a_640.jpg
Grama Bay,,Albania,Grama Bay,40.2399,19.5242,"Relax on a secluded beach, swim in clear waters, and look for Mediterranean monk seals in a protected marine area.","Secluded beach in a protected marine park, a haven for Mediterranean monk seals.",$$,5,"beach,secluded,marine life,nature",https://pixabay.com/get/g8f892f4acc7e8d945b2403c2e092e6596952423999cff1c66cfbe2bbd8e87fa328d64492e378988e26af9d93d21a2caf434fe54afc756a4e3ad63a5aa916e789_640.jpg
Nairobi,,Kenya,Kibera Art District,-1.3159,36.8219,"Explore vibrant street art murals, visit local artist studios, and interact with community artists.",Explore the colorful murals and urban art in Kenya's largest informal settlement.,$$,6,"street art,community,urban exploration",https://pixabay.com/get/gb9ecdb8fb809ce9d7646201639fef572ed3b167fe6dfc17bc3054b848c5540f7d8d03c36d4597949dbd44bf18b4d1a61b8fb46ce59cfb5e822328f5ee981c9cb_640.jpg
Cape Town,,South Africa,Bo-Kaap,-33.9158,18.4181,"Wander through colorful streets, visit the Bo-Kaap Museum, and discover Cape Malay culture and cuisine.",Vibrantly painted houses and rich Cape Malay heritage in the oldest neighborhood.,$$,7,"culture,history,architecture",https://pixabay.com/get/g8cf1edbba747b2941e4b8ecc64810710da2a187ce0c4372200d32cf877e07d61f632d5eae7b689005a0665765a8a7a30fd594f07df96abc86a9010c1d9a17e1a_640.jpg
Lagos,,Nigeria,Makoko Floating Market,6.4908,3.3951,"Navigate waterways by canoe, observe stilt houses, and experience daily life in a unique floating community.","A unique floating village on stilts, offering a glimpse into aquatic life and culture.",$$,7,"unique,waterfront,community",https://pixabay.com/get/gc99a2be537b8532933da45ffe1e0609fe44b82ef4c02e71a95b1a2f846e982f3ed3a93bf3af03dfb39763ab482c3be76d0fa0d208e67a4fef57c3a1726818b05_640.jpg
Accra,,Ghana,Jamestown,5.5555,-0.2059,"Explore historic forts, climb the lighthouse for views, and witness vibrant street art and boxing culture.",Historic fishing community with colonial architecture and vibrant street art.,$$,6,"history,art,coastal",https://pixabay.com/get/gb8d649eb8156f068f8835a19ae3adab7b56fb4ceb16b5d82e18448c98a846659d624c011ee14b71903124a6687d3ee3a5d8992c1dbc0e357226a19c74d65a7b6_640.jpg
Addis Ababa,,Ethiopia,Mercato,9.0279,38.7577,"Immerse yourself in Africa's largest open-air market, shop for crafts, spices, and local goods.","Africa's largest open-air market, a bustling hub of commerce and culture.",$$,8,"market,shopping,culture",https://pixabay.com/get/g10f14f249aeaf37545295d3a2687a671d19189bad1d48d749e15732686e5bb432a94a9c87a4eeb42ea2bced0317ff64d7d96af44f0614561f1c2c243b2277fc3_640.jpg
Dakar,,Senegal,Médina neighborhood,14.6967,-17.4466,"Discover the 'open sky museum' of street art, observe shop art, and experience the vibrant local life.",A vibrant neighborhood transformed into an open-air museum with global street art.,$$,5,"street art,urban exploration,culture",https://pixabay.com/get/g6b1f0348e60c4148ef549cb7ad2181db89d6a53021d11a6c32f43a53163ef61bb9e41184c2238967ca9c003cffcb933bc7d15c48f3b8b0051a57697998fbe2a6_640.jpg
Kigali,,Rwanda,Inema Arts Center & Niyo Arts Gallery,-1.944,30.07,"Explore contemporary Rwandan art, meet local artists, and support community art initiatives.","Hubs for contemporary Rwandan art, supporting local artists and community projects.",$$,5,"art,galleries,culture",https://pixabay.com/get/g0e2f096b73887b529e59fbedf0d14b66a37e2eb5e9747729dc001a1cacad29ed66c20b6c399d9970f1961ef0ffd022c4648496a508c8035cb69d6db67b8405f5_640.jpg
Johannesburg,,South Africa,Maboneng Precinct,-26.217,28.057,"Wander through this urban renewal hub, discovering art galleries, boutiques, cafes, and vibrant street art.","A revitalized urban neighborhood known for its art, design, and creative energy.",$$$,6,"urban renewal,art,shopping",https://pixabay.com/get/g520f48e865518aba319ead484cca42c3928fdc70906b041b878709b3809cc204c8dbca28c9fa659f67f352ff44681b55f15ca0715316f2de0992dc2c4355b2ff_640.jpg
Luanda,,Angola,Ilha de Luanda,-8.8396,13.2136,"Enjoy beachside bars and restaurants, experience local life, and explore the coastal strip.","A coastal strip known for its beaches, lively atmosphere, and entertainment options.",$$$,5,"coastal,leisure,nightlife",https://pixabay.com/get/ga2f2080c39904120367d8e81ed3352a93fdf34ec4ae4cb69f832af8986932c85c662eb9076b7eb906b213761a909508cefd01d57433285b640dcbbfaacf18b2b_640.jpg
Goma,,Democratic Republic of the Congo,Goma Crafts Market,-1.6753,29.2255,"Browse and purchase vibrant handmade crafts, beadwork, and sculptures reflecting Congolese heritage.",A bustling market showcasing local artisans and traditional Congolese crafts.,$$,4,"crafts,shopping,culture",https://pixabay.com/get/gaf02b5dfa35c5beba791d18e348948c12c1a93e8bb612b16f34ace010de6a96a62fe17528464478dadd10319515bd32c5f4195c1940e964bbd2acd12dd3c740c_640.jpg
Panama City,,Panama,Calle Uruguay,8.9781,-79.5334,"Experience the best in Panamanian clubs and after-hours partying, with a variety of bars and dance venues.",The heart of Panama City's vibrant club and after-hours scene.,$$$,7,"clubs,bars,dancing,late-night",https://pixabay.com/get/g12665d07162493a0c0362d122d7ebd45831fd4f5552c1c94edfce3f322e9db0b3061f7f6534ec58fa9bc35cff5816e8421090d750578e2d264bf828223cffd2c_640.jpg
San Jose,,Costa Rica,Castro's Bar & Discoteca,9.9349,-84.0736,Dance the night away to vibrant salsa and merengue music in a local favorite.,A lively local favorite for salsa and merengue dancing.,$$,6,"salsa,dancing,live-music,local",https://pixabay.com/get/gdea5928b4e200cb033270558fa9b85d961d0c71cd7601ae303a728e42af2b9fdc735ccc0f3c7cec4109956bd3439f0c42a53d41b44df2863e7744acc350d4de0_640.jpg
Antigua Guatemala,,Guatemala,Las Vibras de la Casbah,14.5615,-90.7337,Enjoy an energetic atmosphere with diverse music genres and dance the night away in this multilevel nightclub.,"A vibrant, multilevel nightclub known for its energetic atmosphere.",$$$,6,"nightclub,dancing,dj,late-night",https://pixabay.com/get/gafcf9396fcccedfc2d832e72c24b08921be34c3bd4d7430811037a2227716ecf38144a23b3011bcc1c43a65ae0523d41b5adbe2dec187ab30933aba84b32bde1_640.jpg
Granada,,Nicaragua,Calle La Calzada,11.8721,-85.9614,"Stroll down this pedestrian street alive with cafes, bars, restaurants, live musicians, and street performers.",The lively heart of Granada's nightlife with street performers and bars.,$$,7,"bars,restaurants,live-music,street-performers",https://pixabay.com/get/g25f52a0344098ee11ca19946c06b4e1dac10e9a12db956fbd8fcf579b10028ed4c644108ba18a6d8d6953123075c7441daf28557eddd48487b79f2fa61e8ea21_640.jpg
San Pedro La Laguna,,Guatemala,Bar Sublime,14.6725,-91.2578,"Experience varied music genres, from techno to live music and open mic nights, with stunning lake views.","A popular bar with varied music, events, and lake views.",$$,5,"bars,live-music,dj,lake-view",https://pixabay.com/get/g7988e6604a181234337dfaeb9a413dc6253c949cbbecc88f1fefee5e04b3ec1fab2a65f634be9ed5bbe701a02d6f3a9372b6bb62f32f9803d8c4e39fc25d88bd_640.jpg
Mérida,,Mexico,Dzalbay Cantina,20.9678,-89.6238,Enjoy live blues and jazz acts in a historic cantina with a large outdoor terrace.,Historic cantina hosting live blues and jazz music.,$$,5,"live-music,jazz,blues,cantina",https://pixabay.com/get/gdc95dc770cc7efec3e30639bf6827ab6019ecea1b7058ae07fea7913ff743166fd452e92712a2523924cfc2fbdbba003910f8190e9c8771cac336d6f6a37bd27_640.jpg
El Tunco,,El Salvador,La Bonita Beach Club,13.4725,-89.4149,"Enjoy tasty food, creative cocktails, and an upbeat vibe at this beach bar with DJs.","Beach club with food, cocktails, DJs, and an upbeat vibe.",$$,6,"beach-club,dj,cocktails,food",https://pixabay.com/get/g3a12e97c451eb23d75c6882c79969757024ee617c65217154d06cb3e29f56db3ac2b43562c66dc140764b1e37b9ba6596b52f4077293b30f7eb6b2686b07db65_640.jpg
Jaco,,Costa Rica,Le Loft,9.6133,-94.6288,Dance the night away to hip hop and high-energy music in an upscale club with a rooftop terrace.,Upscale club with high-energy music and a rooftop terrace.,$$$,7,"nightclub,dancing,hip-hop,rooftop",https://pixabay.com/get/gc10ebe583f1cbba3a5c801aa8449103e1d0f97988d7402b710a1f8c2cc5d75ff8db081c82067b1dfe8b866f7ab784919_640.jpg
Roatan,,Honduras,Blue Marlin,16.3152,-86.9558,"Party late with energetic music, generous drinks, and a lively dance floor.",Energetic late-night bar and club with a lively dance floor.,$$,6,"nightclub,dancing,live-music,late-night",https://pixabay.com/get/gf33cea55fbccf79aa947a1934644721bc2099c9cd355bd1595f6e6278a2d7c173777dd07e5914d7862d0f29625e34b5ac6bcddcb6cfce571ebc1a52b1c5047d1_640.jpg
Placencia,,Belize,Tipsy Tuna,16.5146,-88.3725,"Enjoy a lively party atmosphere with dancing, games, karaoke, and occasional live music.","Lively beach bar with dancing, games, and karaoke.",$$,5,"beach-bar,dancing,karaoke,live-music",https://pixabay.com/get/g6ffe8e42edc3b04bf7ff750da6a467457db6aaa7e1df74ec486ed17d2540fdbb055f013a35ea02f45e7c6e917db58c88_640.jpg
San Juan,,Puerto Rico,Castillo San Felipe del Morro (El Morro),18.4693,-66.1212,"Explore the massive fortress, walk along its ramparts, and learn about its history defending the San Juan Bay.",A 16th-century Spanish citadel guarding San Juan Bay.,$,9,"historical site,fortress,coastal,UNESCO",https://pixabay.com/get/gd7fc41d462a28b898f6fe392bb55854458279de589ecb40479d3bd18593e0a16044c8467ef8a8a4b2814508558356b62e0a35abaa9c619e118c4cb0c1b025ea5_640.jpg
Basseterre,,Saint Kitts and Nevis,Brimstone Hill Fortress National Park,17.3457,-62.8368,Tour the well-preserved fortifications and enjoy panoramic views of the surrounding islands.,"A UNESCO World Heritage Site, a well-preserved fortress on a hill.",$$,8,"historical site,fortress,UNESCO,views",https://pixabay.com/get/g1c2e9fe828aa7b9f22f6c056390a2886dac3ec2492ee41bf88d2372f2272778ffe680901463cd36a473d8c52a4cee5ed6abbf636ea85fcbf573d2d7ecf00246b_640.jpg
English Harbour,,Antigua and Barbuda,Nelson's Dockyard,17.0052,-61.765,"Explore the Georgian-era dockyard, visit museums, and admire restored buildings.","A historic Georgian-era dockyard and marina, now a UNESCO site.",$$,7,"historical site,marina,UNESCO,colonial",https://pixabay.com/get/g71d30e779c84f11388be18f8b23cc0a5c868b1245732ffc4f65f18ee58e268a215652b97a4a3bb2109fa4fb3ca82e42372b6cfedfcafb88a3bfb86076fb537c1_640.jpg
Tinum Municipality,,Mexico,Chichen Itza,20.6843,-88.5678,"Wander through the ancient Mayan city, marvel at the Temple of Kukulcan, and explore the Great Ball Court.",A vast ancient Mayan city and one of the New Seven Wonders of the World.,$$$,10,"archaeological site,Mayan,UNESCO,iconic",https://pixabay.com/get/ge37415c4e70ba15edeebeaed1986a2f210357862e8822e8f3b468985ddf471220d47d3db3883bc5a1fe42e5fbe1360af9c49cc935136eaa38fbcfc1d43fc4172_640.jpg
Ocho Rios,,Jamaica,Dunn's River Falls,18.4158,-77.1381,"Climb the terraced waterfalls, swim in the lagoons, or relax on the adjacent beach.",Famous terraced waterfalls cascading into the Caribbean Sea.,$$,8,"natural attraction,waterfall,climbing,beach",https://pixabay.com/get/gb3fc728be8fa1a78b3223a8e0c1998e92fe27830c5e7d19cff5dc8db8f203843e3052565a0141eb3a33a4758692436801b73df90b53f4cf9e35c375c05de1289_640.jpg
Santo Domingo,,Dominican Republic,Colonial City of Santo Domingo,18.4703,-69.8928,"Explore the first European settlement in the Americas, visit the first cathedral, and wander historic streets.",The oldest continuously inhabited European settlement in the Americas.,$$,8,"historical site,colonial,UNESCO,city",https://pixabay.com/get/g1d227f5414285f58548c0d2f152014d5826b89f1619c6797352ded036de05f6a719e5690977312ec7f696486429cd5570a0e039f640ea55fa27acd02a3fbb2ea_640.jpg
Kingstown,,Saint Vincent and the Grenadines,Fort Charlotte,13.1583,-61.2421,"Enjoy panoramic views of Kingstown and the Grenadines, and learn about its history.",A British colonial fort with panoramic views of the island and sea.,$,5,"historical site,fortress,views,colonial",https://pixabay.com/get/g5fd8581f6d4e6d90c1a7559c396d9eada0c36f2c69dd1af5c493e5a687dea131507d528cc874dfe2b8ad1901f8266787fd805ea12e9b6f5981fcc5ff1d55b9d5_640.jpg
Gros Islet,,Saint Lucia,Pigeon Island National Landmark,14.08965,-60.95724,"Hike to Fort Rodney for views, explore historic ruins, and enjoy the beaches.",A historic island with colonial ruins and Fort Rodney.,$$,6,"historical site,national park,hiking,views",https://pixabay.com/get/g947e6ecb494048a926a3e497d953da24749e8f7946038c3d4b9a79a2ef2a8b8f38f9e7bcdc7ec97280fb9e73a5f42bb20597b80e9a8372db15d7144ddb700d58_640.jpg
Le Diamant,,Martinique,Diamond Rock,14.44194,-61.03889,"View the iconic basalt islet, known for its role in Napoleonic naval history; diving is popular here.",A strategic basalt islet with a unique naval history.,$$$,5,"natural landmark,historical,naval history,diving",https://pixabay.com/get/g8751c128cdc9543e8c22a470055f255418796e3c34e0178f6ca60284e702ef7f4967e9481eb68f6882a305b679448481_640.jpg
Kralendijk,,Bonaire,Fort Oranje,12.1379,-68.274,Explore the historic 17th-century fort and enjoy views of the sea; it now houses the island's harbor office.,"A 17th-century fort, the oldest structure in Kralendijk.",$,4,"historical site,fortress,colonial,maritime",https://pixabay.com/get/ga07ff652fb078666bfe2f54c6367b36806328ff3ac77e40a95cb35c36659eafa85385a519cc3c8e6bbd6236149d70afb779b0503e608abb2be6e7bd8eeeae65a_640.jpg
Canberra,,Australia,National Museum of Australia,-35.2931,149.1208,"Explore exhibits on Indigenous heritage, Australian settlement, and key historical events.","Museum showcasing 50,000 years of Australian history and culture.",$$,8,"history,culture,museum",https://pixabay.com/get/gd2cd09cd285e9923f6dfe793e63b1017b8e99cd933b1966e6a4e7c9d3497cb7bd7f713ea4f87c9e387b0734c9bfcd300c7325da84b8d6b6b3f71f3173730a0ba_640.jpg
Wellington,,New Zealand,Museum of New Zealand Te Papa Tongarewa,-41.2905,174.7819,Discover New Zealand's natural and cultural heritage through interactive displays and extensive collections.,"New Zealand's national museum, a vibrant hub of art, history, and culture.",$$,9,"history,culture,art,interactive",https://pixabay.com/get/gdd6f8247541794ff052e4edae629bf20a1bfc7c4a84e427189764550cdaf600a12134047537d74ac455c44ab51432679b2b90f18648fb82cf3f4e4aeeda00cf0_640.jpg
Suva,,Fiji,Fiji Museum,-18.1494,178.4259,Explore Fiji's rich history and culture through ancient artifacts and displays.,A treasure trove of Fijian history and cultural artifacts.,$,6,"history,culture,artifacts",https://pixabay.com/get/g5582d6f41cef90efe038c36b95edcec43869bebb03201d52f1a5c64740ad65d8ab51de8c8fe55b8bc7665905b89c8d143cbf2eff634c63f61ffb8a6203a76b58_640.jpg
Luganville,,Vanuatu,South Pacific WWII Museum,-15.5156,167.1732,Learn about World War II history in the South Pacific and the island's role.,Preserves the history of WWII in the South Pacific region.,$,4,"history,war,museum",https://pixabay.com/get/g07ee032b1b79eda15cedb4578c4c3d2a75d0464b23c316f04e304c63ee828e703fe4d62a77d4a363b7a97bdac7aefd6be32776ddd6a99c87a75c30a52a043add_640.jpg
Port Moresby,,Papua New Guinea,Papua New Guinea National Museum and Art Gallery,-9.4257,147.1899,Discover the diverse cultural heritage and artistic expressions of Papua New Guinea.,Showcases PNG's rich indigenous cultures and contemporary art.,$$,7,"culture,art,indigenous",https://pixabay.com/get/gcee7f8c807e6baadf92ac4cd93a12723a327e24fe2abd58e536ddb44fa25eaca13afb2138899a2404e8c13e4ad25b39993127c6260b42da33e003b1569bb4cec_640.jpg
Auckland,,New Zealand,Auckland War Memorial Museum,-36.8603,174.7778,"Explore New Zealand's history, natural environment, and military history.",A major museum and war memorial with extensive collections.,$$,8,"history,war,natural history,Maori culture",https://pixabay.com/get/g81dfb423fe65d62581d36cc202acbe924f7ce8f4fea3dc9c0929f9e745f3e6e4b1c53dc7fbf6944e6d0cb1c16abb38a9092d3e0f85d0e50fe166c750fac1a99f_640.jpg
Melbourne,,Australia,Queen Victoria Market,-37.8076,144.9567,"Wander through stalls of fresh produce, local goods, and souvenirs; experience a bustling market atmosphere.",Largest open-air market in the Southern Hemisphere.,$,9,"market,food,shopping,local",https://pixabay.com/get/g14a013ab5fe97e409ea0b5db321b13d01da6875787e8e91cf1168a80d7f02978abed3f81b79643b7def1f3b4e863ef1825d1e656cee889afa813be40c29c1208_640.jpg
Rarotonga,,Cook Islands,Punanga Nui Market,-21.2073,-159.7798,"Experience local culture, buy handicrafts, taste fresh produce and island food.",Vibrant local market showcasing Cook Islands culture and crafts.,$,5,"market,culture,handicrafts,food",https://pixabay.com/get/g5e23f33bf5c3abb1a7b3c6d91e38b978b813f00227795360005a9abf6dd59831669032b7a6fa07fc725e7087a7ef56d14e012f4766fd9304ce41bfe7fb3ea95e_640.jpg
Port Vila,,Vanuatu,Vanuatu Cultural Centre,-17.7455,168.3172,Learn about Vanuatu's diverse indigenous cultures through displays and archives.,National institution for preserving and promoting Vanuatu's diverse cultures.,$$,5,"culture,indigenous,museum,archives",https://pixabay.com/get/ga6e22ba321d167b2b60c12eac89c0670e6a6dbf4e0f5aee5b4733173792c1eb8761e4529fb823c343e87b20972be043ee4a0e20f96d85ee0cd54b982c63b7172_640.jpg
Sydney,,Australia,Australian National Maritime Museum,-33.8694,151.1985,Explore Australia's maritime history through engaging exhibits and historic vessels.,Showcases Australia's seafaring history and naval heritage.,$$,7,"maritime history,museum,ships,exhibits",https://pixabay.com/get/ga26c571c107e13a002d185509953f2c05f33b984a9592e69a62fbee3b2edbf2ee4edbe2233623ea673c91797b1a02556620fe40b17cbc9333ffcc1af8d705ad4_640.jpg
Bangkok,,Thailand,Yaowarat (Chinatown),13.7471,100.5054,Explore vibrant street food stalls and sample a wide array of Thai dishes.,Bangkok's Chinatown is a bustling hub for authentic street food.,$$,9,"street food,local cuisine,night market",https://pixabay.com/get/gdfab81b3d9eb7b09318beda8869879d4d8c4f795a30744733b7d50509e102827aba81cddf58013e222e337fb3d13d69b800507694d614996bc98142a6fcf24c7_640.jpg
Penang,,Malaysia,Georgetown,5.4194,100.3351,"Indulge in Penang's diverse street food, a fusion of Malay, Chinese, and Indian flavors.","Penang is renowned as Malaysia's food capital, with vibrant street food.",$$,8,"street food,hawker culture,cultural fusion",https://pixabay.com/get/ga4aa56f48a3da95f15401cfe2d9662d3c13c58f6560e6791506fd15388ea6be613a0647eb00fdf2ffcc1570ff8bc0a6c49d000bcc0bf9da1254309257e5fa1e1_640.jpg
Hanoi,,Vietnam,Old Quarter,21.0333,105.85,"Savor iconic Vietnamese dishes like Pho, Banh Mi, and Bun Cha from numerous street vendors.",Hanoi's Old Quarter is a must-visit for authentic Vietnamese street food.,$,9,"street food,vietnamese cuisine,historic district",https://pixabay.com/get/gac96aee5c4358a3f7a035f452f856f4384e7d3c5937f901568e05b708a2f7e7716d6f20194154792c5a9e8452480a17a36a384b0b11e54d25e8863ab56b9f444_640.jpg
Singapore,,Singapore,Maxwell Food Centre,1.2779,103.8414,Experience Singapore's hawker culture with diverse stalls offering local and international flavors.,"A premier hawker center in Singapore, famous for Hainanese Chicken Rice.",$,8,"hawker culture,local delights,iconic stalls",https://pixabay.com/get/ge3c43985b7beaf7ab998617e442296c763da59d3f137aaad38f2e82d7499f3791ec24e55755e77722df8a673936232275a3a39ef28ad89acc58e97b3c74604ce_640.jpg
Ho Chi Minh City,,Vietnam,Ben Thanh Market,10.7722,106.6946,Try a variety of Southern Vietnamese dishes and street food favorites.,A bustling market offering a taste of Ho Chi Minh City's vibrant food scene.,$$,8,"street food,southern vietnamese,market",https://pixabay.com/get/g68eacb3e5ddb1db18ebd40f6379f801f132cf600ac4b6f5d8f1170e5c35e19a9df6a565d59d52eb2591854c0be2600ab6bc7ed855e972e9c0530a5ff6a89b993_640.jpg
Chiang Mai,,Thailand,Warorot Market (Kad Luang),18.7916,98.9953,"Sample Northern Thai specialties, local snacks, and fresh produce.","Chiang Mai's largest market, offering a true taste of local Northern Thai food.",$$,7,"northern thai,local market,street food",https://pixabay.com/get/gdf21a9df420904a7776f79d79c73f80f082563b657fab7953dce09afeb8ee23e0a8f20f5b817e88705acf398f976f37d_640.jpg
Ubud,,Indonesia,"Local Cooking School (e.g., Ketut's Bali Cooking Class)",-8.4095,115.2643,Learn to cook authentic Balinese cuisine in a hands-on class.,Immerse yourself in Balinese culinary traditions with a cooking class.,$$$,6,"cooking class,balinese cuisine,cultural experience",https://pixabay.com/get/g083cf9c6d7454c35f5e0d6dddeb2e979549bd2dd582407406d5336c8b7af3dc654242ba0b239bf039b0903d62d1479111033f591aa9a3956c05cc7f59a466cc4_640.jpg
Luang Prabang,,Laos,Night Market,19.8957,102.1327,Explore diverse street food stalls offering local Laotian delicacies.,A vibrant night market with a wide array of delicious Laotian street food.,$,7,"street food,laotian cuisine,night market",https://pixabay.com/get/gb40c8889caa8eff8c1c8079cfe65f9bf17151beced5ed23bc8c07d9f923056456dd7ceb56f3730913688a0308f62808649941299033da8c27e8f8833ac800690_640.jpg
Siem Reap,,Cambodia,Central Market (Psar Chas),13.3574,103.8565,"Discover Cambodian flavors, from street food to local eateries.",A historic market offering a taste of authentic Khmer cuisine and street food.,$$,7,"cambodian cuisine,local market,street food",https://pixabay.com/get/g47d96ed4cafa7cbd7a30b82a63b0265e6fa3dc6a2a5499be80e597748eda02163b4876b9bcd1100270e50086a0d3f1ca9be059d1245f916999cd0a92fb216d00_640.jpg
Manila,,Philippines,Quiapo Market,14.5978,120.9818,"Try unique Filipino street food like Isaw, Balut, and Kwek-Kwek.",A bustling market known for its adventurous and authentic Filipino street food.,$,7,"filipino street food,adventurous eating,market",https://pixabay.com/get/g507cc4ae16add60e7c7f4c5eaaa3ab80f36fd850ca79a208c033a6413e7002cad324f515b37ff4641ef40be168c7e230be8773bda69f3924a5ba3b0bc9713f76_640.jpg
